edad,turno,tipo_colegio,nivel_socioeconomico,tiene_laptop_propia,horas_estudio_semanal,asistencia_pct,promedio_previo,aprobado
23,Tarde,Público,,No,7.8,83.5,14.2,1
19,Tarde,Público,Medio,No,12.4,95.0,15.1,1
22,NOCHE,Público,Alto,Sí,7.7,82.5,14.8,1
17,Mañana,Privado,Alto,Sí,11.1,93.0,13.3,0
23,Mañana,Privado,Medio,Sí,8.4,76.6,14.2,1
19,Noche,Público,Bajo,No,11.4,68.1,15.5,1
20,Tarde,Privado,Medio,Sí,7.7,87.3,14.9,1
22,Mañana,Público,Bajo,No,,71.5,14.0,1
22,Tarde,Privado,Medio,Sí,,76.0,14.8,1
18,Mañana,Público,Medio,Sí,13.8,62.0,12.9,1
18,Tarde,Privado,Medio,Sí,16.8,73.8,15.7,1
23,Noche,Público,Medio,Sí,,79.0,14.0,1
23,Mañana,Público,Bajo,Sí,9.6,65.7,13.9,0
23,Noche,Privado,Bajo,No,13.9,82.8,16.9,1
23,Mañana,Privado,Alto,No,6.3,77.9,15.6,1
19,Noche,Público,Bajo,Sí,6.5,68.8,15.8,1
21,Mañana,Público,Medio,No,8.0,80.8,14.0,1
22,mañana,Público,bajo,No,,71.5,14.0,1
22,Mañana,Privado,Medio,Sí,8.9,72.3,16.8,1
19,Tarde,Privado,Bajo,Sí,13.0,62.8,16.4,0
19,Mañana,Público,Alto,Sí,4.3,85.3,11.2,0
18,Noche,Público,Medio,No,13.3,79.0,16.6,1
23,Noche,Público,,Sí,11.6,74.2,14.8,1
18,Mañana,Público,Alto,No,11.9,89.7,16.2,1
19,Mañana,Público,Medio,No,10.9,82.5,16.4,1
19,Noche,Público,Bajo,No,7.7,93.0,14.2,0
20,Mañana,Público,Bajo,Sí,7.4,75.1,10.0,1
19,Mañana,Público,Medio,Sí,5.0,71.4,14.7,1
20,Mañana,Público,Medio,No,19.7,82.8,18.2,1
18,Noche,Público,Bajo,Sí,2.9,,14.5,1
20,Tarde,,Bajo,No,5.7,68.5,13.1,1
20,Tarde,Privado,Medio,Sí,11.5,85.2,17.4,1
21,Mañana,Público,Bajo,Sí,13.3,74.6,18.1,1
20,Tarde,Privado,Alto,Sí,14.0,100.0,16.9,0
20,Tarde,Público,Medio,Sí,9.9,,15.0,1
23,Mañana,Privado,Bajo,Sí,14.1,83.6,15.6,1
17,Mañana,Privado,Medio,Sí,12.6,69.7,15.5,1
17,Tarde,Público,Bajo,No,8.7,85.5,14.6,1
19,Mañana,Privado,Bajo,Sí,4.2,78.8,10.6,0
23,Mañana,Público,Alto,Sí,6.8,97.7,12.6,1
23,Tarde,Público,Medio,No,8.8,,14.1,1
20,Tarde,Público,Bajo,No,13.7,86.6,15.3,0
68,Mañana,Público,Bajo,Sí,8.2,82.6,14.7,1
23,Tarde,Público,Medio,No,8.6,81.6,13.9,0
22,Mañana,Público,Medio,No,14.1,83.7,17.7,1
22,Tarde,Público,Alto,Sí,5.5,75.6,13.5,1
23,Noche,Privado,Medio,No,18.0,65.4,17.3,1
17,Mañana,Privado,Medio,Sí,8.8,72.2,17.0,1
22,Tarde,Privado,Bajo,No,6.2,83.8,14.2,1
20,Mañana,Privado,Medio,Sí,3.5,95.1,10.5,1
21,Noche,Público,Medio,Sí,9.5,87.3,14.2,1
21,Tarde,Público,Bajo,Sí,9.8,77.4,15.9,1
19,Mañana,Privado,Alto,Sí,14.9,66.0,18.2,1
19,Tarde,,Medio,Sí,13.3,71.0,16.8,1
22,Tarde,Público,Medio,No,5.8,79.5,13.4,0
20,Mañana,Público,Bajo,Sí,9.8,87.6,15.4,1
20,Tarde,Privado,Medio,Sí,8.7,100.0,13.7,1
20,Noche,Público,Alto,Sí,12.8,95.6,15.9,1
19,Mañana,Privado,Medio,No,3.1,79.7,,1
22,Tarde,Público,Alto,No,13.2,74.8,17.4,0
23,Tarde,Público,Alto,No,10.5,55.7,13.6,1
17,Tarde,Privado,Bajo,No,14.2,77.5,14.2,1
21,Noche,Público,Medio,Sí,,88.5,14.0,1
23,Noche,Público,Bajo,Sí,,95.3,13.2,1
23,Mañana,Privado,Medio,No,13.2,92.2,,1
20,Tarde,,Alto,No,10.6,86.7,12.3,1
19,Noche,Privado,,Sí,16.1,88.3,18.1,1
21,Mañana,Publico,Medio,No,3.0,82.2,13.4,1
17,Tarde,privado,Bajo,No,11.3,100.0,16.2,1
22,Tarde,Público,Alto,No,12.2,82.9,15.1,1
21,Noche,Privado,Alto,No,8.7,79.6,12.0,1
20,Tarde,Público,Alto,Sí,6.4,87.3,13.7,1
22,Mañana,Público,Medio,Sí,0.0,97.9,12.9,0
23,Mañana,Privado,Alto,Sí,17.3,83.6,17.3,1
21,Noche,Público,Alto,Sí,11.3,65.5,13.6,1
22,Mañana,Privado,Alto,Sí,9.1,88.5,15.5,1
23,Mañana,Público,Alto,No,13.9,77.4,15.4,1
21,Mañana,Privado,Medio,Sí,10.4,82.0,12.3,1
22,Tarde,Público,Medio,No,10.5,78.7,16.5,1
22,Noche,,Medio,Sí,6.3,75.0,12.1,0
23,Tarde,Público,Medio,No,11.2,90.5,16.6,1
19,Tarde,Público,Medio,Sí,,84.3,16.2,1
18,Mañana, Público ,Medio,Sí,7.7,84.3,13.8,1
21,Tarde,Privado,Alto,Sí,15.4,80.8,17.3,1
22,Mañana,Público,Medio,No,15.4,64.6,16.0,1
22,Noche,Privado,Medio,Sí,4.6,58.6,13.0,1
21,Mañana,Público,Bajo,Sí,6.6,100.0,15.6,1
18,Tarde,Público,Medio,Sí,18.5,99.9,18.0,1
18,Mañana,Público,Medio,Sí,,100.0,15.4,1
19,Noche,Público,Medio,Sí,10.1,52.0,15.2,1
18,Tarde,Privado,Bajo,No,17.8,87.1,17.3,1
22,Mañana,Público,Medio,Sí,12.7,92.8,15.6,1
19,Mañana,Público,Medio,No,10.0,77.2,15.1,1
18,Mañana,Público,Medio,Sí,8.6,,12.6,0
17,Mañana,Público,Bajo,Sí,8.4,93.4,15.4,0
20,Mañana,Privado,Bajo,Sí,14.0,53.7,16.2,1
18,Tarde,Público,Medio,Sí,11.7,80.0,12.5,1
22,Mañana,Privado,Medio,Sí,5.4,73.7,13.5,1
21,Mañana,Publico,Medio,No,8.0,80.8,14.0,1
18,Tarde,Privado,Medio,Sí,6.8,95.3,12.8,1
21,Noche,Público,,No,12.2,94.6,17.6,1
18,Mañana,Público,Alto,No,4.6,86.5,14.7,1
19,Noche,Privado,Medio,Sí,,92.8,13.3,1
23,Mañana,,Medio,No,,77.4,14.1,0
18,Noche,Privado,Medio,No,5.7,86.7,13.7,1
20,Mañana,Privado,Alto,Sí,10.5,72.2,12.9,0
18,Tarde,Público,Bajo,No,4.3,85.7,14.2,0
17,Noche,Público,Medio,Sí,5.9,97.5,,1
17,Mañana,Privado,Medio,No,21.6,77.3,19.0,1
23,Tarde,Público,Medio,No,4.7,82.6,12.3,1
18,Noche,Privado,Medio,No,12.7,83.2,16.3,1
17,Noche,Público,Medio,No,19.5,100.0,19.0,1
17,Noche,Público,Medio,Sí,55.0,60.0,11.1,1
18,Mañana,Público,Bajo,Sí,7.0,65.8,11.7,1
17,Tarde,Privado,Medio,Sí,,,11.7,1
20,Mañana,Privado,Medio,No,7.3,87.4,13.9,1
23,Mañana,Público,Bajo,Sí,17.4,75.5,15.9,0
22,Mañana,,Medio,Sí,11.5,92.1,17.1,1
21,Mañana,Privado,Medio,Sí,5.1,83.6,13.4,1
20,Mañana,Público,Medio,Sí,9.9,61.8,14.9,1
22,Mañana,Público,Medio,Sí,12.5,84.2,14.1,1
22,Mañana,Privado,Bajo,No,,76.9,14.6,1
20,Noche,Público,Medio,No,12.6,88.1,15.8,1
20,Mañana,Privado,Alto,No,8.0,77.4,14.7,1
21,Tarde,Público,Alto,Sí,2.8,,9.5,1
21,Tarde,Público,Medio,NO,15.0,79.0,18.8,1
21,Mañana,Privado,Bajo,No,10.3,65.8,18.5,1
17,Tarde,Privado,Alto,No,14.9,66.6,14.7,1
20,Mañana,Privado,Medio,Sí,9.6,86.2,17.0,1
17,Tarde,Privado,Medio,Sí,7.7,70.8,13.9,0
21,Noche,Privado,Bajo,Sí,10.8,94.1,16.0,1
20,Mañana,,Medio,No,14.6,86.4,18.3,1
22,Mañana,Público,Bajo, No ,10.4,89.6,15.9,1
21,Mañana,Privado,Bajo,Sí,10.0,79.0,,1
17,Mañana,Privado,Alto,No,8.7,81.3,11.3,0
22,Mañana,Público,Alto,No,8.3,91.2,16.7,1
17,Tarde,Privado,Bajo,Sí,4.5,77.0,12.5,1
20,Mañana,Público,Medio,SÍ,14.8,74.8,18.5,1
17,Tarde,Público,Alto,Sí,10.2,91.4,15.5,1
18,Tarde,Público,Bajo,Sí,8.0,97.9,14.2,0
20,Tarde,Privado,Bajo,No,5.1,86.2,14.3,1
17,Mañana,Público,Medio,No,5.2,86.4,14.4,1
20,Mañana,Público,Medio,Sí,11.7,100.0,17.8,1
20,Mañana,PRIVADO,Medio,Sí,3.5,95.1,10.5,1
20,Mañana,Público,Bajo,Sí,11.3,80.2,14.3,0
21,Mañana,Privado,,No,12.8,79.8,17.0,1
18,Mañana,Público,Bajo,No,16.1,89.2,14.8,1
20,Tarde,Privado,Alto,Sí,13.1,100.0,16.0,1
18,Tarde,Público,Medio,Sí,6.9,68.5,13.9,0
20,Tarde,Público,Bajo,Sí,10.7,75.9,17.0,1
22,Tarde,Privado,Medio,Sí,,76.0,14.8,1
17,Mañana,,Medio,Sí,7.0,75.1,12.6,1
17,Tarde,Público,Alto,Sí,12.8,96.7,14.3,1
19,Noche,Público,Alto,Sí,12.6,67.1,13.8,0
21,Manana,Privado,Medio,Sí,10.0,70.4,12.6,1
23,Tarde,,Medio,Sí,5.0,134.0,10.6,0
20,Mañana,Público,Medio,Sí,11.4,78.6,15.7,0
19,Noche,Privado,Medio,No,9.1,67.6,10.9,0
20,Tarde,,Bajo,Sí,11.3,86.6,14.1,1
21,Noche,Privado,,No,11.1,81.6,12.7,1
22,Tarde,Público,Alto,No,17.1,84.3,16.6,1
22,Noche,Público,Bajo,Sí,14.5,,15.9,1
21,Mañana,Privado,Alto,Sí,15.0,71.6,14.9,1
23,Mañana,Privado,Bajo,Sí,14.1,83.6,15.6,1
17,Tarde,Privado,Medio,Sí,,,11.7,1
17,Mañana,Privado,Bajo,Sí,12.4,85.1,14.8,1
18,Tarde,Privado,,Sí,13.8,78.9,18.3,1
19,Noche,Público,Medio,No,7.3,69.4,17.7,1
18,mañana,Privado,Bajo,Sí,9.0,92.5,14.4,1
21,Mañana,Privado,Medio,Sí,13.0,77.7,15.7,1
19,Tarde,Privado,Medio,Sí,6.3,62.4,,0
18,Noche,Privado,Alto,Sí,12.5,99.5,17.1,1
17,Tarde,Público,Alto,No,8.9,,17.4,0
21,Noche,Público,Medio,No,,82.9,16.7,1
21,Mañana,Privado,Alto,No,17.3,81.1,20.0,1
20,Tarde,Privado,Medio,No,,75.4,13.8,1
19,Noche,Público,Medio,Sí,8.2,83.4,12.5,1
19,Tarde,Privado,Medio,Sí,5.6,,14.4,1
20,Mañana,Público,Alto,Sí,13.6,73.4,16.1,1
21,Noche,,Medio,No,8.5,96.5,16.1,1
18,Mañana,Público,Bajo,No,8.7,83.8,16.1,1
23,Mañana,Público,Bajo,No,7.1,86.9,13.7,0
17,Mañana,Público,Medio,Sí,16.7,84.0,18.0,1
18,Tarde,Público,Medio,No,14.2,71.9,12.7,1
17,Noche,Público,Bajo,Sí,8.3,71.6,14.6,1
20,Mañana,Público,Medio,Sí,14.9,71.4,16.4,1
