lenguaje,nivel_dificultad,uso_ia_asistida,num_intentos,tiempo_resolucion_min,puntaje_final
Python,Medio,Sí,4,27.2,15.5
python,Medio,No,1,20.7,13.7
Python,Fácil,No,2,11.7,17.4
Java,Medio,Sí,4,21.5,14.7
Python,Fácil,Sí,4,11.1,15.3
Java,Fácil,No,2,17.0,16.3
Java,,No,4,34.6,10.4
Java,Difícil,Sí,2,25.3,13.4
C++,Difícil,No,5,43.8,9.6
C++,Difícil,No,5,35.3,6.7
Python,Medio,Sí,4,22.9,13.2
Java,Fácil,No,1,10.2,16.5
Java,Medio,No,1,20.1,19.0
Python,Fácil,Sí,5,21.8,11.7
C++,Medio,No,1,19.3,16.4
Java,Fácil,No,1,,17.2
Python,Fácil,Sí,1,11.2,20.0
C++,Medio,Sí,2,22.4,16.5
Java,Fácil,Sí,2,10.8,20.0
C++,Fácil,No,2,12.7,17.8
Python,Medio,Sí,3,25.9,18.4
Python,Medio,No,3,30.8,14.1
Python,Medio,No,6,23.1,14.9
Python,Medio,No,3,22.8,15.3
C++,Medio,No,3,19.2,15.0
Java,Difícil,Sí,2,27.4,11.6
Java,Fácil,Sí,2,9.6,20.0
Python,Fácil,Sí,3,17.5,
Java,Medio,No,1,20.5,18.4
C++,Medio,Sí,5,30.6,13.7
Python,Medio,No,3,30.9,17.0
C++,,No,2,24.9,12.6
Python,Medio,No,1,27.2,16.3
C++,Difícil,No,5,41.2,11.5
C++,Difícil,Sí,6,37.4,15.9
Java,Fácil,Sí,1,15.2,15.3
Python,Medio,No,4,26.8,11.3
Python,Difícil,No,5,44.3,11.0
Python,Medio,No,2,,16.7
C++,Difícil,Sí,3,33.7,16.1
Java,Difícil,No,4,37.8,
Python,Difícil,Sí,6,37.4,
Python,Fácil,No,2,14.5,17.8
Java,Fácil,No,2,,17.8
Python,Medio,NO,2,,16.7
Python,Difícil,No,2,,17.4
Python,Fácil,No,5,25.7,15.7
Python,Fácil,No,2,8.5,14.6
Python,Fácil,No,1,15.8,15.4
Python,Fácil,No,2,18.7,17.1
Python,Fácil,No,3,19.8,18.3
Python,Medio,No,6,34.2,10.4
Python,Medio,No,2,27.5,15.4
Python,Medio,Sí,4,29.0,13.1
Python,Fácil,Sí,3,16.5,15.8
C++,Fácil,Sí,3,,16.9
Python,Fácil,No,2,14.5,19.1
Java,Medio,No,3,,
Python,Medio,Sí,7,33.1,11.4
Java,Fácil,No,1,15.0,19.2
Python,Difícil,No,0,33.2,8.1
Java,Medio,No,3,28.7,16.2
Java,Medio,Sí,4,23.7,16.6
Python,Medio,Sí,2,35.4,15.2
Python,Fácil,No,2,14.7,18.5
Python,Medio,No,6,29.8,15.4
Python,Medio,Sí,3,18.6,15.5
Python,Difícil,No,3,35.5,10.8
Python,Medio,Sí,4,25.8,
Python,Medio,No,1,20.7,14.5
Python,Difícil,No,3,29.3,11.7
C++,Medio,Sí,1,17.8,17.7
Java,Medio,No,5,25.2,10.5
Java,Fácil,No,4,22.3,15.9
Python,,Sí,3,36.1,13.3
Java,Difícil,Sí,6,42.7,12.0
Python,Fácil,No,2,10.3,15.4
Java,Medio,No,3,24.7,13.7
Python,Medio,No,2,24.7,14.3
C++,Difícil,Sí,5,35.9,10.6
Java,Fácil,No,2,9.4,15.4
Java,Medio,No,4,,14.1
Python,Difícil,Sí,6,38.5,12.1
Python,Medio,No,1,22.6,17.4
Python,Medio,Sí,4,25.9,15.3
Python,Difícil,Sí,6,38.6,12.1
C++,Medio,Sí,3,,15.0
Java,Medio,No,1,11.4,16.0
Java,Fácil,Sí,3,14.0,18.9
Python,Medio,No,2,17.6,12.3
Python,Medio,Sí,4,33.0,12.7
Python,Medio,sí,3,23.0,17.5
Java,Difícil,No,6,35.5,9.2
Java,Medio,Sí,4,21.5,14.7
Python,Fácil,Sí,3,19.1,19.6
Java,Difícil,No,4,34.7,14.3
Python,Medio,Sí,5,33.1,13.0
Java,Difícil,No,6,44.1,12.0
Python,Difícil,Sí,4,37.7,14.0
C++,Medio,No,6,32.1,14.4
Java,Fácil,No,1,,20.0
Python,Medio,No,4,26.1,10.5
Java,Medio,No,3,27.8,14.9
Java,Medio,Sí,4,28.0,15.7
Java,Medio,No,4,29.4,12.2
Python,Difícil,Sí,3,34.4,14.1
Python,Medio,Sí,7,33.1,11.4
Java,Medio,No,4,23.8,14.2
Python,Medio,No,2,27.7,11.3
Java,Medio,Sí,4,23.7,16.6
Python,Medio,No,4,22.8,12.1
Python,Medio,Sí,3,,17.1
Python,Medio,No,6,35.8,12.0
C++,Fácil,Sí,3,16.9,17.6
Python,Difícil,Sí,5,41.8,11.6
Python,Medio,Sí,3,21.6,15.7
Python,Fácil,Sí,1,12.0,17.6
C++,Medio,No,4,31.1,16.1
Python,Medio,No,3,31.4,16.0
C++,Medio,Sí,3,22.8,12.8
C++,Medio,No,3,16.9,16.5
Python,Fácil,No,3,18.0,16.2
Python,Difícil, No ,7,45.0,
Python,Difícil,Sí,5,41.1,13.3
Python,Fácil,Sí,1,9.8,18.1
Java,Difícil,No,5,44.2,8.5
Python,Medio,No,3,19.9,17.6
C++,Medio,Sí,4,26.3,13.8
Python,Fácil,Sí,2,310.0,16.5
Python,,Sí,3,20.5,17.4
Java,Fácil,Sí,3,14.7,15.7
Java,Fácil, Sí ,2,10.6,18.1
Python,Medio,No,2,,13.5
Python,Fácil,No,1,11.1,18.6
Python,Medio,Sí,2,30.0,17.0
C++,Difícil,Sí,5,43.9,14.6
Python,,Sí,2,11.4,19.0
Python,,No,5,25.4,12.6
C++,Medio,Sí,4,27.4,15.1
Python,Fácil,No,2,15.1,16.2
Python,Difícil,No,3,35.0,9.5
Python,,No,2,20.2,15.0
C++,MEDIO,Sí,3,25.9,14.7
Java,Medio,Sí,2,22.0,16.5
